"The Christmas Chronicles","magnet:?xt=urn:btih:F77CE6977ADE7ECC22455798A3D7FE29A090CC13&tr=http%3A%2F%2Fbt2.t-ru.org%2Fann%3Fmagnet&dn=%D0%A0%D0%BE%D0%B6%D0%B4%D0%B5%D1%81%D1%82%D0%B2%D0%B5%D0%BD%D1%81%D0%BA%D0%B8%D0%B5%20%D1%85%D1%80%D0%BE%D0%BD%D0%B8%D0%BA%D0%B8%20%2F%20The%20Christmas%20Chronicles%20(%D0%9A%D0%BB%D1%8D%D0%B9%20%D0%9A%D1%8D%D0%B9%D1%82%D0%B8%D1%81%20%2F%20Clay%20Kaytis)%20%5B2018%2C%20%D0%A1%D0%A8%D0%90%2C%20%D1%84%D1%8D%D0%BD%D1%82%D0%B5%D0%B7%D0%B8%2C%20%D0%BA%D0%BE%D0%BC%D0%B5%D0%B4%D0%B8%D1%8F%2C%20%D0%BF%D1%80%D0%B8%D0%BA%D0%BB%D1%8E%D1%87%D0%B5%D0%BD%D0%B8%D1%8F%2C%20WEB-DL%201080p%5D%20Dub%20%2B%20Original%20"
Brawl in cell block 99,"magnet:?xt=urn:btih:E234A72155471628870BF4AE2ECBF9B82DD43F32&tr=http%3A%2F%2Fbt3.t-ru.org%2Fann%3Fmagnet&dn=%D0%94%D1%80%D0%B0%D0%BA%D0%B0%20%D0%B2%20%D0%B1%D0%BB%D0%BE%D0%BA%D0%B5%2099%20%2F%20%D0%91%D0%BE%D0%B9%D0%BD%D1%8F%20%D0%B2%20%D0%B1%D0%BB%D0%BE%D0%BA%D0%B5%2099%20%2F%20Brawl%20in%20cell%20block%2099%20(%D0%A1.%20%D0%9A%D1%80%D1%8D%D0%B9%D0%B3%20%D0%97%D0%B0%D0%BB%D0%B5%D1%80%20%2F%20S.%20Craig%20Zahler)%20%5B2017%2C%20%D0%A1%D0%A8%D0%90%2C%20%D0%B4%D1%80%D0%B0%D0%BC%D0%B0%2C%20%D1%82%D1%80%D0%B8%D0%BB%D0%BB%D0%B5%D1%80%2C%20BDRemux%201080p%5D%20%5BUSA%20Transf"
"Accident Man","magnet:?xt=urn:btih:53E2B566177D64FFADF701F28CF72F7D1D500A44&tr=http%3A%2F%2Fbt4.t-ru.org%2Fann%3Fmagnet&dn=%D0%9D%D0%B5%D1%81%D1%87%D0%B0%D1%81%D1%82%D0%BD%D1%8B%D0%B9%20%D1%81%D0%BB%D1%83%D1%87%D0%B0%D0%B9%20%2F%20Accident%20Man%20(%D0%94%D0%B6%D0%B5%D1%81%D1%81%D0%B8%20%D0%94%D0%B6%D0%BE%D0%BD%D1%81%D0%BE%D0%BD%20%2F%20Jesse%20Johnson)%20%5B2018%2C%20%D0%92%D0%B5%D0%BB%D0%B8%D0%BA%D0%BE%D0%B1%D1%80%D0%B8%D1%82%D0%B0%D0%BD%D0%B8%D1%8F%2C%20%D0%B1%D0%BE%D0%B5%D0%B2%D0%B8%D0%BA%2C%20%D1%82%D1%80%D0%B8%D0%BB%D0%BB%D0%B5%D1%80%2C%20%D0%BA%D1%80%D0%B8%D0%BC%D0%B8%D0%BD%D0%B0%D0%BB%2C%20BDRip%201080p%5D%20MVO%20%2B%20Original%20(eng)%20"
Deadpool,"magnet:?xt=urn:btih:240B806DA08EF3233159302E50BAB5C172A9F736&tr=http%3A%2F%2Fbt4.t-ru.org%2Fann%3Fmagnet&dn=%D0%94%D1%8D%D0%B4%D0%BF%D1%83%D0%BB%20%2F%20Deadpool%20(%D0%A2%D0%B8%D0%BC%20%D0%9C%D0%B8%D0%BB%D0%BB%D0%B5%D1%80%20%2F%20Tim%20Miller)%20%5B2016%2C%20%D0%A1%D0%A8%D0%90%2C%20%D0%9A%D0%B0%D0%BD%D0%B0%D0%B4%D0%B0%2C%20%D1%84%D0%B0%D0%BD%D1%82%D0%B0%D1%81%D1%82%D0%B8%D0%BA%D0%B0%2C%20%D0%B1%D0%BE%D0%B5%D0%B2%D0%B8%D0%BA%2C%20%D0%BF%D1%80%D0%B8%D0%BA%D0%BB%D1%8E%D1%87%D0%B5%D0%BD%D0%B8%D1%8F%2C%20BDRip%201080p%5D%20Dub%20%2B%20VO%20(%D0%95%D0%B2%D0%B3%D0%B5%D0%BD%D0%B8%D0%B9%20%D0%93%D0%B0%D0%B5%D0%B2%D1%81%D0%BA%D0%B8%D0%B9)%20%2B%20VO%20(zamez)"
Operation Finale,"magnet:?xt=urn:btih:5A1F6A0B74368E716EA821FCAD96892555F6E1E4&tr=http%3A%2F%2Fbt4.t-ru.org%2Fann%3Fmagnet&dn=%D0%9E%D0%BF%D0%B5%D1%80%D0%B0%D1%86%D0%B8%D1%8F%20%C2%AB%D0%A4%D0%B8%D0%BD%D0%B0%D0%BB%C2%BB%20%2F%20Operation%20Finale%20(%D0%9A%D1%80%D0%B8%D1%81%20%D0%92%D0%B0%D0%B9%D1%86%20%2F%20Chris%20Weitz)%20%5B2018%2C%20%D0%A1%D0%A8%D0%90%2C%20%D1%82%D1%80%D0%B8%D0%BB%D0%BB%D0%B5%D1%80%2C%20%D0%B4%D1%80%D0%B0%D0%BC%D0%B0%2C%20%D0%B1%D0%B8%D0%BE%D0%B3%D1%80%D0%B0%D1%84%D0%B8%D1%8F%2C%20%D0%B8%D1%81%D1%82%D0%BE%D1%80%D0%B8%D1%8F%2C%20WEB-DL%201080p%5D%20Dub%20%2B%20Original%20(Eng)%20%2B%20Sub"
Patrick,"magnet:?xt=urn:btih:83940E363A2E5EE34F96FE8C87F6C8FC3B43A41B&tr=http%3A%2F%2Fbt2.t-ru.org%2Fann%3Fmagnet&dn=%D0%9F%D0%B0%D1%82%D1%80%D0%B8%D0%BA%20%2F%20Patrick%20(%D0%9C%D0%B0%D1%80%D0%B8%20%D0%9C%D0%BE%D0%BD%D0%B6%20%2F%20Marie%20Monge)%20%5B2018%2C%20%D0%92%D0%B5%D0%BB%D0%B8%D0%BA%D0%BE%D0%B1%D1%80%D0%B8%D1%82%D0%B0%D0%BD%D0%B8%D1%8F%2C%20%D0%9A%D0%BE%D0%BC%D0%B5%D0%B4%D0%B8%D1%8F%2C%20WEB-DL%201080p%5D%20DUB%20(iTunes)"
"Ant-Man and the Wasp","magnet:?xt=urn:btih:2257DAF9B6A4AF440A1AB016AB65463165B8763F&tr=http%3A%2F%2Fbt.t-ru.org%2Fann%3Fmagnet&dn=%D0%A7%D0%B5%D0%BB%D0%BE%D0%B2%D0%B5%D0%BA-%D0%BC%D1%83%D1%80%D0%B0%D0%B2%D0%B5%D0%B9%20%D0%B8%20%D0%9E%D1%81%D0%B0%20%2F%20Ant-Man%20and%20the%20Wasp%20(%D0%9F%D0%B5%D0%B9%D1%82%D0%BE%D0%BD%20%D0%A0%D0%B8%D0%B4%20%2F%20Peyton%20Reed)%20%5B2018%2C%20%D0%A1%D0%A8%D0%90%2C%20%D1%84%D0%B0%D0%BD%D1%82%D0%B0%D1%81%D1%82%D0%B8%D0%BA%D0%B0%2C%20%D0%B1%D0%BE%D0%B5%D0%B2%D0%B8%D0%BA%2C%20%D0%BF%D1%80%D0%B8%D0%BA%D0%BB%D1%8E%D1%87%D0%B5%D0%BD%D0%B8%D1%8F%2C%20BDRip%201080p%5D%20Dub%20%2B%20Ukr%20%2B%20Original"
"Den of Thieves","magnet:?xt=urn:btih:DC820BC156DDC74ACA03175CEF032DA144484432&tr=http%3A%2F%2Fbt3.t-ru.org%2Fann%3Fmagnet&dn=%D0%9E%D1%85%D0%BE%D1%82%D0%B0%20%D0%BD%D0%B0%20%D0%B2%D0%BE%D1%80%D0%BE%D0%B2%20%2F%20Den%20of%20Thieves%20(%D0%9A%D1%80%D0%B8%D1%81%D1%82%D0%B8%D0%B0%D0%BD%20%D0%93%D1%8C%D1%8E%D0%B4%D0%B3%D1%8D%D1%81%D1%82%20%2F%20Christian%20Gudegast)%20%5B2018%2C%20%D0%A1%D0%A8%D0%90%2C%20%D0%B1%D0%BE%D0%B5%D0%B2%D0%B8%D0%BA%2C%20%D1%82%D1%80%D0%B8%D0%BB%D0%BB%D0%B5%D1%80%2C%20%D0%B4%D1%80%D0%B0%D0%BC%D0%B0%2C%20%D0%BA%D1%80%D0%B8%D0%BC%D0%B8%D0%BD%D0%B0%D0%BB%2C%20%D0%B4%D0%B5%D1%82%D0%B5%D0%BA%D1%82%D0%B8%D0%B2%2C%20BDRip%20720p%5D%20Dub%20(iTun)"
"Hell or High Water","magnet:?xt=urn:btih:4F6524CAB2119CEA07D9572D99E969917782EF89&tr=http%3A%2F%2Fbt2.t-ru.org%2Fann%3Fmagnet&dn=%D0%9B%D1%8E%D0%B1%D0%BE%D0%B9%20%D1%86%D0%B5%D0%BD%D0%BE%D0%B9%20%2F%20Hell%20or%20High%20Water%20(%D0%94%D1%8D%D0%B2%D0%B8%D0%B4%20%D0%9C%D0%B0%D0%BA%D0%BA%D0%B5%D0%BD%D0%B7%D0%B8%20%2F%20David%20Mackenzie)%20%5B2016%2C%20%D0%A1%D0%A8%D0%90%2C%20%D0%B4%D1%80%D0%B0%D0%BC%D0%B0%2C%20%D0%BA%D1%80%D0%B8%D0%BC%D0%B8%D0%BD%D0%B0%D0%BB%2C%20BDRip%201080p%5D%20Dub%20%2B%20Sub%20(Eng)%20%2B%20Original%20(Eng)"
Mile 22,"magnet:?xt=urn:btih:687864853CF0F93E111433E335A91954400D1AE3&tr=http%3A%2F%2Fbt3.t-ru.org%2Fann%3Fmagnet&dn=%5BATV3%5D%2022%20%D0%BC%D0%B8%D0%BB%D0%B8%20%2F%20Mile%2022%20(%D0%9F%D0%B8%D1%82%D0%B5%D1%80%20%D0%91%D0%B5%D1%80%D0%B3%20%2F%20Peter%20Berg%20)%20%5B2018%2C%20%D0%A1%D0%A8%D0%90%2C%20%D0%91%D0%BE%D0%B5%D0%B2%D0%B8%D0%BA%2C%20%D1%82%D1%80%D0%B8%D0%BB%D0%BB%D0%B5%D1%80%2C%20%D0%BA%D1%80%D0%B8%D0%BC%D0%B8%D0%BD%D0%B0%D0%BB%2C%20%D0%BF%D1%80%D0%B8%D0%BA%D0%BB%D1%8E%D1%87%D0%B5%D0%BD%D0%B8%D1%8F%2C%20WEB-DL%2C%20HD%20(1080p)%5D%20DUB"
"Charlie and the Chocolate Factory (2015)","magnet:?xt=urn:btih:8E40861BCEFDA4797BA8E43C508E2E835D2D0B74&tr=http%3A%2F%2Fbt.t-ru.org%2Fann%3Fmagnet&dn=%D0%A7%D0%B0%D1%80%D0%BB%D0%B8%20%D0%B8%20%D1%88%D0%BE%D0%BA%D0%BE%D0%BB%D0%B0%D0%B4%D0%BD%D0%B0%D1%8F%20%D1%84%D0%B0%D0%B1%D1%80%D0%B8%D0%BA%D0%B0%20%2F%20Charlie%20and%20the%20Chocolate%20Factory%20(%D0%A2%D0%B8%D0%BC%20%D0%91%D0%B0%D1%80%D1%82%D0%BE%D0%BD)%20(1080)%20%5B2005%2C%20%D1%84%D1%8D%D0%BD%D1%82%D0%B5%D0%B7%D0%B8%2C%20%D0%BA%D0%BE%D0%BC%D0%B5%D0%B4%D0%B8%D1%8F%2C%20%D0%BF%D1%80%D0%B8%D0%BA%D0%BB%D1%8E%D1%87%D0%B5%D0%BD%D0%B8%D1%8F%2C%20%D1%81%D0%B5%D0%BC%D0%B5%D0%B9%D0%BD%D1%8B%D0%B9%5D"
"Mission: Impossible - Fallout","magnet:?xt=urn:btih:0CDC81BA583C0D3BF7595AABED78BF6877E5A770&tr=http%3A%2F%2Fbt3.t-ru.org%2Fann%3Fmagnet&dn=%D0%9C%D0%B8%D1%81%D1%81%D0%B8%D1%8F%20%D0%BD%D0%B5%D0%B2%D1%8B%D0%BF%D0%BE%D0%BB%D0%BD%D0%B8%D0%BC%D0%B0%3A%20%D0%9F%D0%BE%D1%81%D0%BB%D0%B5%D0%B4%D1%81%D1%82%D0%B2%D0%B8%D1%8F%20%2F%20Mission%3A%20Impossible%20-%20Fallout%20(%D0%9A%D1%80%D0%B8%D1%81%D1%82%D0%BE%D1%84%D0%B5%D1%80%20%D0%9C%D0%B0%D0%BA%D0%9A%D1%83%D0%BE%D1%80%D1%80%D0%B8%20%2F%20Christopher%20McQuarrie)%20%5B2018%2C%20%D0%A1%D0%A8%D0%90%2C%20%D0%9A%D0%B8%D1%82%D0%B0%D0%B9%2C%20%D0%A4%D1%80%D0%B0%D0%BD%D1%86%D0%B8%D1%8F%2C%20%D0%9D%D0%BE%D1%80%D0%B2%D0%B5%D0%B3%D0%B8%D1%8F%2C%20%D0%B1%D0%BE"
"Office Christmas Party","magnet:?xt=urn:btih:B007DDD3FCF476D577504874D1F8EE5F87D6D601&tr=http%3A%2F%2Fbt4.t-ru.org%2Fann%3Fmagnet&dn=%D0%9D%D0%BE%D0%B2%D0%BE%D0%B3%D0%BE%D0%B4%D0%BD%D0%B8%D0%B9%20%D0%BA%D0%BE%D1%80%D0%BF%D0%BE%D1%80%D0%B0%D1%82%D0%B8%D0%B2%20%2F%20Office%20Christmas%20Party%20(%D0%94%D0%B6%D0%BE%D1%88%20%D0%93%D0%BE%D1%80%D0%B4%D0%BE%D0%BD%20%2F%20Josh%20Gordon%2C%20%D0%A3%D0%B8%D0%BB%D0%BB%20%D0%A1%D0%BF%D0%B5%D0%BA%20%2F%20Will%20Speck)%20%5B2016%2C%20%D0%A1%D0%A8%D0%90%2C%20%D0%BA%D0%BE%D0%BC%D0%B5%D0%B4%D0%B8%D1%8F%2C%20BDRip%201080p%5D%20%5BTheatrical%20Cut%5D%20"
"Get Santa","magnet:?xt=urn:btih:8A38B8621F0FFA9FEDEA32706306354769D91DA3&tr=http%3A%2F%2Fbt3.t-ru.org%2Fann%3Fmagnet&dn=%D0%94%D0%BE%D1%81%D1%82%D0%B0%D1%82%D1%8C%20%D0%A1%D0%B0%D0%BD%D1%82%D1%83%20%2F%20Get%20Santa%20%2F%20Untitled%20Christmas%20Project%20(%D0%9A%D1%80%D0%B8%D1%81%D1%82%D0%BE%D1%84%D0%B5%D1%80%20%D0%A1%D0%BC%D0%B8%D1%82%20%2F%20Christopher%20Smith)%20%5B2014%2C%20%D0%A1%D0%A8%D0%90%2C%20%D0%92%D0%B5%D0%BB%D0%B8%D0%BA%D0%BE%D0%B1%D1%80%D0%B8%D1%82%D0%B0%D0%BD%D0%B8%D1%8F%2C%20%D0%BA%D0%BE%D0%BC%D0%B5%D0%B4%D0%B8%D1%8F%2C%20%D1%81%D0%B5%D0%BC%D0%B5%D0%B9%D0%BD%D1%8B%D0%B9%2C%20%D0%BF%D1%80%D0%B8%D0%BA%D0%BB%D1%8E%D1%87%D0%B5%D0%BD%D0%B8%D1%8F"
"The Terminal (2014)","magnet:?xt=urn:btih:05BEEC9CB2EBF4C4F8DDB32429C37DDD5ED91FB5&tr=http%3A%2F%2Fbt.t-ru.org%2Fann%3Fmagnet&dn=%D0%A2%D0%B5%D1%80%D0%BC%D0%B8%D0%BD%D0%B0%D0%BB%20%2F%20The%20Terminal%20(%D0%A1%D1%82%D0%B8%D0%B2%D0%B5%D0%BD%20%D0%A1%D0%BF%D0%B8%D0%BB%D0%B1%D0%B5%D1%80%D0%B3%20%2F%20Steven%20Spielberg)%20%5B2004%2C%20%D0%A1%D0%A8%D0%90%2C%20%D0%B4%D1%80%D0%B0%D0%BC%D0%B0%2C%20%D0%BA%D0%BE%D0%BC%D0%B5%D0%B4%D0%B8%D1%8F%2C%20BDRip%201080p%5D%20Dub%20%2B%20MVO%20%2B%20DVO%20%2B%202x%20AVO%20%2B%202%D1%85%20Ukr%20%2B%20Original%20Eng"
"Venom","magnet:?xt=urn:btih:5FE4950578857F85B86080E2DB35F13AFC597984&tr=http%3A%2F%2Fbt.t-ru.org%2Fann%3Fmagnet&dn=%D0%92%D0%B5%D0%BD%D0%BE%D0%BC%20%2F%20Venom%20(%D0%A0%D1%83%D0%B1%D0%B5%D0%BD%20%D0%A4%D0%BB%D1%8F%D0%B9%D1%88%D0%B5%D1%80%20%2F%20Ruben%20Fleischer)%20%5B2018%2C%20%D0%A1%D0%A8%D0%90%2C%20%D1%83%D0%B6%D0%B0%D1%81%D1%8B%2C%20%D1%84%D0%B0%D0%BD%D1%82%D0%B0%D1%81%D1%82%D0%B8%D0%BA%D0%B0%2C%20%D0%B1%D0%BE%D0%B5%D0%B2%D0%B8%D0%BA%2C%20%D1%82%D1%80%D0%B8%D0%BB%D0%BB%D0%B5%D1%80%2C%20WEB-DL%201080p%5D%20%5B%D0%9B%D0%BE%D0%BA%D0%B0%D0%BB%D0%B8%D0%B7%D0%BE%D0%B2%D0%B0%D0%BD%D0%BD%D1%8B%D0%B9%20%D0%B2%D0%B8%D0%B4%D0%B5%D0%BE%D1%80%D1%8F%D0%B4%5D%20Dub"
"Real Steel","magnet:?xt=urn:btih:79252EAE56017DC6C316F33E949CD7627116C294&tr=http%3A%2F%2Fbt.t-ru.org%2Fann%3Fmagnet&dn=%D0%96%D0%B8%D0%B2%D0%B0%D1%8F%20%D1%81%D1%82%D0%B0%D0%BB%D1%8C%20%2F%20Real%20Steel%20(%D0%A8%D0%BE%D0%BD%20%D0%9B%D0%B5%D0%B2%D0%B8%20%2F%20Shawn%20Levy)%20%5B2011%2C%20%D0%A1%D0%A8%D0%90%2C%20%D1%84%D0%B0%D0%BD%D1%82%D0%B0%D1%81%D1%82%D0%B8%D0%BA%D0%B0%2C%20%D0%B1%D0%BE%D0%B5%D0%B2%D0%B8%D0%BA%2C%20%D1%81%D0%B5%D0%BC%D0%B5%D0%B9%D0%BD%D1%8B%D0%B9%2C%20WEBRip%201080p%5D%20%5BOpen%20Matte%5D%20%5B%D0%9B%D0%BE%D0%BA%D0%B0%D0%BB%D0%B8%D0%B7%D0%BE%D0%B2%D0%B0%D0%BD%D0%BD%D1%8B%D0%B9%20%D0%B2%D0%B8%D0%B4%D0%B5%D0%BE%D1%80%D1%8F%D0%B4%5D%20Dub%20(R)"
"Escape Plan","magnet:?xt=urn:btih:CC3B5C693F9340459E6815D18CDBE501785DD0FA&tr=http%3A%2F%2Fbt4.t-ru.org%2Fann%3Fmagnet&dn=%D0%9F%D0%BB%D0%B0%D0%BD%20%D0%BF%D0%BE%D0%B1%D0%B5%D0%B3%D0%B0%20%2F%20Escape%20Plan%20(%D0%9C%D0%B8%D0%BA%D0%B0%D1%8D%D0%BB%D1%8C%20%D0%A5%D0%BE%D1%84%D1%81%D1%82%D1%80%D1%91%D0%BC%20%2F%20Mikael%20H%C3%A5fstr%C3%B6m)%20%5B2013%2C%20%D0%A1%D0%A8%D0%90%2C%20%D0%B1%D0%BE%D0%B5%D0%B2%D0%B8%D0%BA%2C%20%D1%82%D1%80%D0%B8%D0%BB%D0%BB%D0%B5%D1%80%2C%20%D0%B4%D0%B5%D1%82%D0%B5%D0%BA%D1%82%D0%B8%D0%B2%2C%20BDRip%201080p%5D%20Dub%20(%D0%9F%D0%B8%D1%84%D0%B0%D0%B3%D0%BE%D1%80)%20%2B%20MVO%20(Baibako)%20%2B%203x%20"
"Race (2016)","magnet:?xt=urn:btih:3FC5AE2AF68FD0E6D3FE0F8AE200063AD2D90AA3&tr=http%3A%2F%2Fbt.t-ru.org%2Fann%3Fmagnet&dn=%D0%A1%D0%B8%D0%BB%D0%B0%20%D0%B2%D0%BE%D0%BB%D0%B8%20%2F%20%D0%93%D0%BE%D0%BD%D0%BA%D0%B0%20%2F%20Race%20(%D0%A1%D1%82%D0%B8%D0%B2%D0%B5%D0%BD%20%D0%A5%D0%BE%D0%BF%D0%BA%D0%B8%D0%BD%D1%81%20%2F%20Stephen%20Hopkins)%20%5B2016%2C%20%D0%9A%D0%B0%D0%BD%D0%B0%D0%B4%D0%B0%2C%20%D0%93%D0%B5%D1%80%D0%BC%D0%B0%D0%BD%D0%B8%D1%8F%2C%20%D0%B4%D1%80%D0%B0%D0%BC%D0%B0%2C%20%D0%B1%D0%B8%D0%BE%D0%B3%D1%80%D0%B0%D1%84%D0%B8%D1%8F%2C%20%D1%81%D0%BF%D0%BE%D1%80%D1%82%2C%20BDRemux%201080p%5D%20Dub%20%2B%20VO%20(%D0%94.%D0%95%D1%81%D0%B0%D1%80%D0%B5%D0%B2)%20%2B%20Sub"
Blockers,"magnet:?xt=urn:btih:4A535E1318AA25D82CF0C496D62499C4D50FA7EC&tr=http%3A%2F%2Fbt4.t-ru.org%2Fann%3Fmagnet&dn=%D0%A1%D0%B5%D0%BA%D1%81%D0%B0%20%D0%BD%D0%B5%20%D0%B1%D1%83%D0%B4%D0%B5%D1%82!!!%20%2F%20Blockers%20(%D0%9A%D1%8D%D0%B9%20%D0%9A%D1%8D%D0%BD%D0%BD%D0%BE%D0%BD%20%2F%20Kay%20Cannon)%20%5B2018%2C%20%D0%A1%D0%A8%D0%90%2C%20%D0%BA%D0%BE%D0%BC%D0%B5%D0%B4%D0%B8%D1%8F%2C%20BDRip%201080p%5D%20Dub%20%2B%20MVO%20(HDrezka%20Studio)%20%2B%20Sub%20Eng%20%2B%20Original%20Eng"
"I Feel Pretty","magnet:?xt=urn:btih:073ba82760094acaacd97f5feeeccec8672b6eda&dn=rutor.org_%D0%9A%D1%80%D0%B0%D1%81%D0%BE%D1%82%D0%BA%D0%B0+%D0%BD%D0%B0+%D0%B2%D1%81%D1%8E+%D0%B3%D0%BE%D0%BB%D0%BE%D0%B2%D1%83+%2F+I+Feel+Pretty+%282018%29+BDRip+1080p+%D0%BE%D1%82+ExKinoRay+%7C+iTunes&tr=udp://opentor.org:2710&tr=udp://opentor.org:2710&tr=retracker.local/announce"
"The Change-Up","magnet:?xt=urn:btih:7B5B558885D39985B49DD01C23EFB329710B91E1&tr=http%3A%2F%2Fbt4.t-ru.org%2Fann%3Fmagnet&dn=%D0%A5%D0%BE%D1%87%D1%83%20%D0%BA%D0%B0%D0%BA%20%D1%82%D1%8B%20%2F%20The%20Change-Up%20(%D0%94%D1%8D%D0%B2%D0%B8%D0%B4%20%D0%94%D0%BE%D0%B1%D0%BA%D0%B8%D0%BD%20%2F%20David%20Dobkin)%20%5B2011%2C%20%D0%A1%D0%A8%D0%90%2C%20%D0%BA%D0%BE%D0%BC%D0%B5%D0%B4%D0%B8%D1%8F%2C%20BDRip%201080p%5D%20%5BUnrated%5D%20Dub%20%2B%20Sub%20Eng%20%2B%20Original%20Eng"
"Fun with Dick and Jane","magnet:?xt=urn:btih:1014DFD4B479D6EDE085EFFBEE298B990101D1B3&tr=http%3A%2F%2Fbt.t-ru.org%2Fann%3Fmagnet&dn=%D0%90%D1%84%D0%B5%D1%80%D0%B8%D1%81%D1%82%D1%8B%20%D0%94%D0%B8%D0%BA%20%D0%B8%20%D0%94%D0%B6%D0%B5%D0%B9%D0%BD%20%2F%20Fun%20with%20Dick%20and%20Jane%20(%D0%94%D0%B8%D0%BD%20%D0%9F%D0%B0%D1%80%D0%B8%D0%B7%D0%BE%20%2F%20Dean%20Parisot)%20%5B2005%2C%20%D0%A1%D0%A8%D0%90%2C%20%D0%BA%D0%BE%D0%BC%D0%B5%D0%B4%D0%B8%D1%8F%2C%20%D0%BA%D1%80%D0%B8%D0%BC%D0%B8%D0%BD%D0%B0%D0%BB%2C%20BDRip%20720p%5D"
"The Man Who Knew Infinity","magnet:?xt=urn:btih:CC11E7D1A8C987C1AF21D6994275DAE1ECA62568&tr=http%3A%2F%2Fbt4.t-ru.org%2Fann%3Fmagnet&dn=%D0%A7%D0%B5%D0%BB%D0%BE%D0%B2%D0%B5%D0%BA%2C%20%D0%BA%D0%BE%D1%82%D0%BE%D1%80%D1%8B%D0%B9%20%D0%BF%D0%BE%D0%B7%D0%BD%D0%B0%D0%BB%20%D0%B1%D0%B5%D1%81%D0%BA%D0%BE%D0%BD%D0%B5%D1%87%D0%BD%D0%BE%D1%81%D1%82%D1%8C%20%2F%20The%20Man%20Who%20Knew%20Infinity%20(%D0%9C%D1%8D%D1%82%D1%82%20%D0%91%D1%80%D0%B0%D1%83%D0%BD%20%2F%20Matt%20Brown)%20%5B2015%2C%20%D0%92%D0%B5%D0%BB%D0%B8%D0%BA%D0%BE%D0%B1%D1%80%D0%B8%D1%82%D0%B0%D0%BD%D0%B8%D1%8F%2C%20%D0%B4%D1%80%D0%B0%D0%BC%D0%B0%2C%20%D0%B1%D0%B8%D0%BE%D0%B3%D1%80%D0%B0%D1%84%D0%B8%D1%8F%2C%20HDRip%5D%20Dub%20(iTune)"
"The Imitation Game","magnet:?xt=urn:btih:A406CF1EC456FB41AEC0DE41E4CEDF23A4A8C30C&tr=http%3A%2F%2Fbt3.t-ru.org%2Fann%3Fmagnet&dn=%D0%98%D0%B3%D1%80%D0%B0%20%D0%B2%20%D0%B8%D0%BC%D0%B8%D1%82%D0%B0%D1%86%D0%B8%D1%8E%20%2F%20The%20Imitation%20Game%20(%D0%9C%D0%BE%D1%80%D1%82%D0%B5%D0%BD%20%D0%A2%D0%B8%D0%BB%D1%8C%D0%B4%D1%83%D0%BC%20%2F%20Morten%20Tyldum)%20%5B2014%2C%20%D0%92%D0%B5%D0%BB%D0%B8%D0%BA%D0%BE%D0%B1%D1%80%D0%B8%D1%82%D0%B0%D0%BD%D0%B8%D1%8F%2C%20%D0%A1%D0%A8%D0%90%2C%20%D1%82%D1%80%D0%B8%D0%BB%D0%BB%D0%B5%D1%80%2C%20%D0%B4%D1%80%D0%B0%D0%BC%D0%B0%2C%20%D0%B2%D0%BE%D0%B5%D0%BD%D0%BD%D1%8B%D0%B9%2C%20BDRip%201080p%5D%20Dub%20(BD%20RUS)%20%2B"
"Gifted (2017)","magnet:?xt=urn:btih:D47216E8FB3F8B7CBCED7FCD21C5267825BE3471&tr=http%3A%2F%2Fbt3.t-ru.org%2Fann%3Fmagnet&dn=%D0%9E%D0%B4%D0%B0%D1%80%D1%91%D0%BD%D0%BD%D0%B0%D1%8F%20%2F%20Gifted%20(%D0%9C%D0%B0%D1%80%D0%BA%20%D0%A3%D1%8D%D0%B1%D0%B1%20%2F%20Marc%20Webb)%20%5B2017%2C%20%D0%A1%D0%A8%D0%90%2C%20%D0%B4%D1%80%D0%B0%D0%BC%D0%B0%2C%20BDRip%201080p%5D%20Dub%20%2B%20Sub%20(Rus%2C%20Eng)%20%2B%20Original%20(Eng)"
"The House","http://37.1.207.65/parse/d.rutor.org/download/635364"
CHIPS,"magnet:?xt=urn:btih:55653630ba7f91aac634f2cd0b9f5d35e2088cfc&dn=rutor.org_%D0%9A%D0%B0%D0%BB%D0%B8%D1%84%D0%BE%D1%80%D0%BD%D0%B8%D0%B9%D1%81%D0%BA%D0%B8%D0%B9+%D0%B4%D0%BE%D1%80%D0%BE%D0%B6%D0%BD%D1%8B%D0%B9+%D0%BF%D0%B0%D1%82%D1%80%D1%83%D0%BB%D1%8C+%2F+CHIPS+%282017%29+BDRip+1080p+%7C+D%2C+A+%7C+iTunes&tr=udp://opentor.org:2710&tr=udp://opentor.org:2710&tr=retracker.local/announce"
"Fist Fight (2017)","magnet:?xt=urn:btih:0aa58c914aa1ed1cd77f2c174004468d8d4b03f2&dn=rutor.org_%D0%91%D0%B8%D1%82%D0%B2%D0%B0+%D0%BF%D1%80%D0%B5%D0%BF%D0%BE%D0%B4%D0%BE%D0%B2+%2F+Fist+Fight+%282017%29+BDRip-HEVC+1080p+%D0%BE%D1%82+HEVC+CLUB+%7C+D%2C+L+%7C+iTunes&tr=udp://opentor.org:2710&tr=udp://opentor.org:2710&tr=retracker.local/announce"
Breaveheart,"magnet:?xt=urn:btih:FE7DC0A80959D10070770C8DEADAD0A0528121CC&tr=http%3A%2F%2Fbt3.t-ru.org%2Fann%3Fmagnet&dn=%D0%A5%D1%80%D0%B0%D0%B1%D1%80%D0%BE%D0%B5%20%D1%81%D0%B5%D1%80%D0%B4%D1%86%D0%B5%20%2F%20Braveheart%20(%D0%9C%D1%8D%D0%BB%20%D0%93%D0%B8%D0%B1%D1%81%D0%BE%D0%BD%20%2F%20Mel%20Gibson)%20%5B1995%2C%20%D0%A1%D0%A8%D0%90%2C%20%D0%B8%D1%81%D1%82%D0%BE%D1%80%D0%B8%D1%87%D0%B5%D1%81%D0%BA%D0%B8%D0%B9%2C%20%D0%B4%D1%80%D0%B0%D0%BC%D0%B0%2C%20%D0%B2%D0%BE%D0%B5%D0%BD%D0%BD%D1%8B%D0%B9%2C%20BDRip%201080p%5D"
"In the Valley of Elah","magnet:?xt=urn:btih:55BA17F802C9B07BD01E55A32D2330A0D97FCCDE&tr=http%3A%2F%2Fbt.t-ru.org%2Fann%3Fmagnet&dn=%D0%92%20%D0%B4%D0%BE%D0%BB%D0%B8%D0%BD%D0%B5%20%D0%AD%D0%BB%D0%B0%20%2F%20In%20the%20Valley%20of%20Elah%20(%D0%9F%D0%BE%D0%BB%20%D0%A5%D0%B0%D0%B3%D0%B3%D0%B8%D1%81%20%2F%20Paul%20Haggis%20)%20%5B2007%2C%20%D0%A1%D0%A8%D0%90%2C%20%D1%82%D1%80%D0%B8%D0%BB%D0%BB%D0%B5%D1%80%2C%20%D0%B4%D1%80%D0%B0%D0%BC%D0%B0%2C%20%D0%BA%D1%80%D0%B8%D0%BC%D0%B8%D0%BD%D0%B0%D0%BB%2C%20%D0%B4%D0%B5%D1%82%D0%B5%D0%BA%D1%82%D0%B8%D0%B2%2C%20BDRip%201080p%5D%20Dub%20%2B%20Sub%20Rus%2C%20Eng%20%2B%20Ori"
"Spotlight","magnet:?xt=urn:btih:CCF3378F2E04C1CADEF57E0C3E01E092B6ADA21A&tr=http%3A%2F%2Fbt3.t-ru.org%2Fann%3Fmagnet&dn=%D0%92%20%D1%86%D0%B5%D0%BD%D1%82%D1%80%D0%B5%20%D0%B2%D0%BD%D0%B8%D0%BC%D0%B0%D0%BD%D0%B8%D1%8F%20%2F%20Spotlight%20(%D0%A2%D0%BE%D0%BC%20%D0%9C%D0%B0%D0%BA%D0%9A%D0%B0%D1%80%D1%82%D0%B8%20%2F%20Tom%20McCarthy)%20%5B2015%2C%20%D0%A1%D0%A8%D0%90%2C%20%D1%82%D1%80%D0%B8%D0%BB%D0%BB%D0%B5%D1%80%2C%20%D0%B4%D1%80%D0%B0%D0%BC%D0%B0%2C%20%D0%B1%D0%B8%D0%BE%D0%B3%D1%80%D0%B0%D1%84%D0%B8%D1%8F%2C%20%D0%B8%D1%81%D1%82%D0%BE%D1%80%D0%B8%D1%8F%2C%20BDRip%201080p%5D%20MVO%20%2B%20VO%20(%D0%95%D1%81%D0%B0%D1%80%D0%B5%D0%B2)%20%2B%20Sub%20Rus%2C%20"
"The Railway Man","http://37.1.207.65/parse/d.rutor.org/download/365559"
"The Man Who Knew Infinity","magnet:?xt=urn:btih:CC11E7D1A8C987C1AF21D6994275DAE1ECA62568&tr=http%3A%2F%2Fbt4.t-ru.org%2Fann%3Fmagnet&dn=%D0%A7%D0%B5%D0%BB%D0%BE%D0%B2%D0%B5%D0%BA%2C%20%D0%BA%D0%BE%D1%82%D0%BE%D1%80%D1%8B%D0%B9%20%D0%BF%D0%BE%D0%B7%D0%BD%D0%B0%D0%BB%20%D0%B1%D0%B5%D1%81%D0%BA%D0%BE%D0%BD%D0%B5%D1%87%D0%BD%D0%BE%D1%81%D1%82%D1%8C%20%2F%20The%20Man%20Who%20Knew%20Infinity%20(%D0%9C%D1%8D%D1%82%D1%82%20%D0%91%D1%80%D0%B0%D1%83%D0%BD%20%2F%20Matt%20Brown)%20%5B2015%2C%20%D0%92%D0%B5%D0%BB%D0%B8%D0%BA%D0%BE%D0%B1%D1%80%D0%B8%D1%82%D0%B0%D0%BD%D0%B8%D1%8F%2C%20%D0%B4%D1%80%D0%B0%D0%BC%D0%B0%2C%20%D0%B1%D0%B8%D0%BE%D0%B3%D1%80%D0%B0%D1%84%D0%B8%D1%8F%2C%20HDRip%5D%20Dub%20(iTune)"
"A Star Is Born","magnet:?xt=urn:btih:C4E75086BC8362C0F86F54FF9A24C123258E659D&tr=http%3A%2F%2Fbt.t-ru.org%2Fann%3Fmagnet&dn=%D0%97%D0%B2%D0%B5%D0%B7%D0%B4%D0%B0%20%D1%80%D0%BE%D0%B4%D0%B8%D0%BB%D0%B0%D1%81%D1%8C%20%2F%20A%20Star%20Is%20Born%20(%D0%91%D1%80%D1%8D%D0%B4%D0%BB%D0%B8%20%D0%9A%D1%83%D0%BF%D0%B5%D1%80%20%2F%20Bradley%20Cooper)%20%5B2018%2C%20%D0%A1%D0%A8%D0%90%2C%20%D0%BC%D0%B5%D0%BB%D0%BE%D0%B4%D1%80%D0%B0%D0%BC%D0%B0%2C%20%D0%BC%D1%83%D0%B7%D1%8B%D0%BA%D0%B0%2C%20BDRip%201080p%5D%20Dub%20%2B%20Ukr%20%2B%20Sub%20(Rus%2C%20Eng)%20%2B%20Original%20Eng"
"First Man","magnet:?xt=urn:btih:FF8AD57D0830FF7D7C011164A0C3C70C741D46AF&tr=http%3A%2F%2Fbt2.t-ru.org%2Fann%3Fmagnet&dn=%D0%A7%D0%B5%D0%BB%D0%BE%D0%B2%D0%B5%D0%BA%20%D0%BD%D0%B0%20%D0%9B%D1%83%D0%BD%D0%B5%20%2F%20First%20Man%20(%D0%94%D1%8D%D0%BC%D1%8C%D0%B5%D0%BD%20%D0%A8%D0%B0%D0%B7%D0%B5%D0%BB%D0%BB%20%2F%20Damien%20Chazelle)%20%5B2018%2C%20%D0%A1%D0%A8%D0%90%2C%20%D0%B4%D1%80%D0%B0%D0%BC%D0%B0%2C%20%D0%B1%D0%B8%D0%BE%D0%B3%D1%80%D0%B0%D1%84%D0%B8%D1%8F%2C%20%D0%B8%D1%81%D1%82%D0%BE%D1%80%D0%B8%D1%8F%2C%20BDRip%201080p%5D%20Dub%20(iTunes)%20%2B%20Original%20(Eng)%20%2B%20Sub%20"
"Anon","magnet:?xt=urn:btih:F91EF287DFE5A2E43F802F8F1C743214E0F6B5F9&tr=http%3A%2F%2Fbt3.t-ru.org%2Fann%3Fmagnet&dn=%D0%90%D0%BD%D0%BE%D0%BD%20%2F%20Anon%20(%D0%AD%D0%BD%D0%B4%D1%80%D1%8E%20%D0%9D%D0%B8%D0%BA%D0%BA%D0%BE%D0%BB%20%2F%20Andrew%20Niccol)%20%5B2018%2C%20%D0%A1%D0%A8%D0%90%2C%20%D1%84%D0%B0%D0%BD%D1%82%D0%B0%D1%81%D1%82%D0%B8%D0%BA%D0%B0%2C%20%D1%82%D1%80%D0%B8%D0%BB%D0%BB%D0%B5%D1%80%2C%20BDRip%201080p%5D%20Dub%20(BDRUS%20%D0%9F%D0%B0%D1%80%D0%B0%D0%B4%D0%B8%D0%B7)%20%2B%20Sub%20(Rus%2C%20Eng)%20%2B%20Original%20Eng"
"The Martian","magnet:?xt=urn:btih:A717DB234BCE4E605343E00AE22D8340A86B7516&tr=http%3A%2F%2Fbt2.t-ru.org%2Fann%3Fmagnet&dn=%D0%9C%D0%B0%D1%80%D1%81%D0%B8%D0%B0%D0%BD%D0%B8%D0%BD%20%2F%20The%20Martian%20(%D0%A0%D0%B8%D0%B4%D0%BB%D0%B8%20%D0%A1%D0%BA%D0%BE%D1%82%D1%82%20%2F%20Ridley%20Scott)%20%5B2015%2C%20%D0%A1%D0%A8%D0%90%2C%20%D0%92%D0%B5%D0%BB%D0%B8%D0%BA%D0%BE%D0%B1%D1%80%D0%B8%D1%82%D0%B0%D0%BD%D0%B8%D1%8F%2C%20%D1%84%D0%B0%D0%BD%D1%82%D0%B0%D1%81%D1%82%D0%B8%D0%BA%D0%B0%2C%20%D0%BF%D1%80%D0%B8%D0%BA%D0%BB%D1%8E%D1%87%D0%B5%D0%BD%D0%B8%D1%8F%2C%20BDRip%201080p%5D%20Dub%20%2B%20Sub%20Rus%2C%20Eng%20%2B%20Original%20E"
"The Ramen Girl","magnet:?xt=urn:btih:F2BE9A5FD0F09F60657CC15E3A3275308A9655E8&tr=http%3A%2F%2Fbt3.t-ru.org%2Fann%3Fmagnet&dn=%D0%A1%D1%83%D1%88%D0%B8%20girl%20%2F%20The%20Ramen%20Girl%20(%D0%A0%D0%BE%D0%B1%D0%B5%D1%80%D1%82%20%D0%90%D0%BB%D0%BB%D0%B0%D0%BD%20%D0%AD%D0%BA%D0%B5%D1%80%D0%BC%D0%B0%D0%BD%20%2F%20Robert%20Allan%20Ackerman)%20%5B2008%2C%20%D0%A1%D0%A8%D0%90%2C%20%D0%AF%D0%BF%D0%BE%D0%BD%D0%B8%D1%8F%2C%20%D0%9A%D0%BE%D0%BC%D0%B5%D0%B4%D0%B8%D1%8F%2C%20%D0%BC%D0%B5%D0%BB%D0%BE%D0%B4%D1%80%D0%B0%D0%BC%D0%B0%2C%20%D0%B4%D1%80%D0%B0%D0%BC%D0%B0%2C%20BDRip%201080p%5D"
